<?xml version="1.0" encoding="UTF-8"?>
<gmd:MD_Metadata xmlns:gmd="http://www.isotc211.org/2005/gmd" xmlns:xsi="http://www.w3.org/2001/XMLSchema-instance" xmlns:xlink="http://www.w3.org/1999/xlink" xmlns:gml="http://www.opengis.net/gml" xmlns:gts="http://www.isotc211.org/2005/gts" xmlns:gmx="http://www.isotc211.org/2005/gmx" xmlns:gfc="http://www.isotc211.org/2005/gfc" xmlns:gco="http://www.isotc211.org/2005/gco"><gmd:fileIdentifier><gco:CharacterString>705547</gco:CharacterString></gmd:fileIdentifier><gmd:language><gco:CharacterString>fre</gco:CharacterString></gmd:language><gmd:characterSet><gmd:MD_CharacterSetCode codeListValue="utf8" codeList="MD_CharacterSetCode"/></gmd:characterSet><gmd:hierarchyLevel><gmd:MD_ScopeCode codeListValue="dataset" codeList="MD_ScopeCode"/></gmd:hierarchyLevel><gmd:hierarchyLevelName><gco:CharacterString>Série de données</gco:CharacterString></gmd:hierarchyLevelName><gmd:contact><gmd:CI_ResponsibleParty><gmd:organisationName><gco:CharacterString>Emc3</gco:CharacterString></gmd:organisationName><gmd:contactInfo><gmd:CI_Contact><gmd:address><gmd:CI_Address><gmd:deliveryPoint><gco:CharacterString>26, Chemin Bellevue</gco:CharacterString></gmd:deliveryPoint><gmd:city><gco:CharacterString>PECHBONNIEU</gco:CharacterString></gmd:city><gmd:postalCode><gco:CharacterString>31140</gco:CharacterString></gmd:postalCode><gmd:country><gco:CharacterString>France</gco:CharacterString></gmd:country><gmd:electronicMailAddress><gco:CharacterString>elodie.bergonnier@emc3.fr</gco:CharacterString></gmd:electronicMailAddress></gmd:CI_Address></gmd:address></gmd:CI_Contact></gmd:contactInfo><gmd:role><gmd:CI_RoleCode codeListValue="pointOfContact" codeList="CI_RoleCode"/></gmd:role></gmd:CI_ResponsibleParty></gmd:contact><gmd:dateStamp><gco:Date>2014-08-12</gco:Date></gmd:dateStamp><gmd:metadataStandardName><gco:CharacterString>ISO 19115:2003/19139</gco:CharacterString></gmd:metadataStandardName><gmd:metadataStandardVersion><gco:CharacterString>1.0</gco:CharacterString></gmd:metadataStandardVersion><gmd:referenceSystemInfo><gmd:MD_ReferenceSystem><gmd:referenceSystemIdentifier><gmd:RS_Identifier><gmd:code><gco:CharacterString>Lambert 93 </gco:CharacterString></gmd:code><gmd:codeSpace><gco:CharacterString>EPSG</gco:CharacterString></gmd:codeSpace><gmd:version><gco:CharacterString>7.4</gco:CharacterString></gmd:version></gmd:RS_Identifier></gmd:referenceSystemIdentifier></gmd:MD_ReferenceSystem></gmd:referenceSystemInfo><gmd:referenceSystemInfo><gmd:MD_ReferenceSystem><gmd:referenceSystemIdentifier><gmd:RS_Identifier><gmd:code><gco:CharacterString>grégorien</gco:CharacterString></gmd:code><gmd:codeSpace><gco:CharacterString>INSPIRE RS registry</gco:CharacterString></gmd:codeSpace></gmd:RS_Identifier></gmd:referenceSystemIdentifier></gmd:MD_ReferenceSystem></gmd:referenceSystemInfo><gmd:identificationInfo><gmd:MD_DataIdentification><gmd:citation><gmd:CI_Citation><gmd:title><gco:CharacterString>Service de téléchargement simple du découpage en codes postaux en France métropolitaine</gco:CharacterString></gmd:title><gmd:date><gmd:CI_Date><gmd:date><gco:Date>2014-01-01</gco:Date></gmd:date><gmd:dateType><gmd:CI_DateTypeCode codeListValue="creation" codeList="CI_DateTypeCode"/></gmd:dateType></gmd:CI_Date></gmd:date><gmd:date><gmd:CI_Date><gmd:date><gco:Date>2014-01-14</gco:Date></gmd:date><gmd:dateType><gmd:CI_DateTypeCode codeListValue="publication" codeList="CI_DateTypeCode"/></gmd:dateType></gmd:CI_Date></gmd:date><gmd:date><gmd:CI_Date><gmd:date><gco:Date>2014-02-10</gco:Date></gmd:date><gmd:dateType><gmd:CI_DateTypeCode codeListValue="revision" codeList="CI_DateTypeCode"/></gmd:dateType></gmd:CI_Date></gmd:date><gmd:identifier><gmd:MD_Identifier><gmd:code><gco:CharacterString>431429091-0001</gco:CharacterString></gmd:code></gmd:MD_Identifier></gmd:identifier></gmd:CI_Citation></gmd:citation><gmd:abstract><gco:CharacterString>Ce service de téléchargement simple permet de télécharger
le tracé des codes postaux en France métropolitaine (y compris les codes postaux supra-communaux)  selon différents formats SIG,</gco:CharacterString></gmd:abstract><gmd:pointOfContact><gmd:CI_ResponsibleParty><gmd:organisationName><gco:CharacterString>Emc3</gco:CharacterString></gmd:organisationName><gmd:contactInfo><gmd:CI_Contact><gmd:address><gmd:CI_Address><gmd:deliveryPoint><gco:CharacterString>26, Chemin Bellevue</gco:CharacterString></gmd:deliveryPoint><gmd:city><gco:CharacterString>PECHBONNIEU</gco:CharacterString></gmd:city><gmd:postalCode><gco:CharacterString>31140</gco:CharacterString></gmd:postalCode><gmd:country><gco:CharacterString>France</gco:CharacterString></gmd:country><gmd:electronicMailAddress><gco:CharacterString>elodie.bergonnier@emc3.fr</gco:CharacterString></gmd:electronicMailAddress></gmd:CI_Address></gmd:address></gmd:CI_Contact></gmd:contactInfo><gmd:role><gmd:CI_RoleCode codeListValue="owner" codeList="CI_RoleCode"/></gmd:role></gmd:CI_ResponsibleParty></gmd:pointOfContact><gmd:descriptiveKeywords><gmd:MD_Keywords><gmd:keyword><gco:CharacterString>codes postaux;Service d’accès au produit</gco:CharacterString></gmd:keyword><gmd:type><gmd:MD_KeywordTypeCode codeListValue="theme" codeList="MD_KeywordTypeCode"/></gmd:type></gmd:MD_Keywords></gmd:descriptiveKeywords><gmd:descriptiveKeywords><gmd:MD_Keywords><gmd:keyword><gco:CharacterString>Unités administratives</gco:CharacterString></gmd:keyword><gmd:type><gmd:MD_KeywordTypeCode codeListValue="theme" codeList="MD_KeywordTypeCode"/></gmd:type><gmd:thesaurusName><gmd:CI_Citation><gmd:title><gco:CharacterString>GEMET inspire themes - version 1.0</gco:CharacterString></gmd:title><gmd:date>
								<gmd:CI_Date><gmd:date><gco:Date>2008-06-01</gco:Date></gmd:date><gmd:dateType><gmd:CI_DateTypeCode codeListValue="publication" codeList="http://www.isotc211.org/2005/resources/codeList.xml#CI_DateTypeCode"/></gmd:dateType></gmd:CI_Date></gmd:date></gmd:CI_Citation></gmd:thesaurusName></gmd:MD_Keywords></gmd:descriptiveKeywords><gmd:resourceConstraints><gmd:MD_Constraints><gmd:useLimitation><gco:CharacterString>Utilisation libre sous réserve de mentionner la source (a minima le nom du producteur) et la date de sa dernière mise à jour.</gco:CharacterString></gmd:useLimitation></gmd:MD_Constraints></gmd:resourceConstraints><gmd:resourceConstraints><gmd:MD_LegalConstraints><gmd:accessConstraints><gmd:MD_RestrictionCode codeList="http://www.isotc211.org/2005/resources/codeList.xml#MD_RestrictionCode" codeListValue="otherRestrictions"/></gmd:accessConstraints><gmd:otherConstraints><gco:CharacterString>Pas de restriction d’accès publique</gco:CharacterString></gmd:otherConstraints></gmd:MD_LegalConstraints></gmd:resourceConstraints><gmd:resourceConstraints><gmd:MD_SecurityConstraints><gmd:classification><gmd:MD_ClassificationCode codeList="MD_ClassificationCode" codeListValue="unclassified"/></gmd:classification></gmd:MD_SecurityConstraints></gmd:resourceConstraints><gmd:spatialRepresentationType><gmd:MD_SpatialRepresentationTypeCode codeListValue="vector" codeList="MD_SpatialRepresentationTypeCode"/></gmd:spatialRepresentationType><gmd:language><gco:CharacterString>fre</gco:CharacterString></gmd:language><gmd:characterSet><gmd:MD_CharacterSetCode codeListValue="utf8" codeList="MD_CharacterSetCode"/></gmd:characterSet><gmd:topicCategory><gmd:MD_TopicCategoryCode>boundaries</gmd:MD_TopicCategoryCode></gmd:topicCategory><gmd:topicCategory><gmd:MD_TopicCategoryCode>imageryBaseMapsEarthCover</gmd:MD_TopicCategoryCode></gmd:topicCategory><gmd:topicCategory><gmd:MD_TopicCategoryCode>society</gmd:MD_TopicCategoryCode></gmd:topicCategory><gmd:extent><gmd:EX_Extent><gmd:geographicElement><gmd:EX_GeographicBoundingBox><gmd:westBoundLongitude><gco:Decimal>-5.79</gco:Decimal></gmd:westBoundLongitude><gmd:eastBoundLongitude><gco:Decimal>9.56</gco:Decimal></gmd:eastBoundLongitude><gmd:southBoundLatitude><gco:Decimal>41.36</gco:Decimal></gmd:southBoundLatitude><gmd:northBoundLatitude><gco:Decimal>51.09</gco:Decimal></gmd:northBoundLatitude></gmd:EX_GeographicBoundingBox></gmd:geographicElement></gmd:EX_Extent></gmd:extent><gmd:extent><gmd:EX_Extent><gmd:temporalElement><gmd:EX_TemporalExtent><gmd:extent><gml:TimePeriod gml:id="d332785e496a1053982"><gml:beginPosition>2013-01-01</gml:beginPosition><gml:endPosition>2013-01-01</gml:endPosition></gml:TimePeriod></gmd:extent></gmd:EX_TemporalExtent></gmd:temporalElement></gmd:EX_Extent></gmd:extent></gmd:MD_DataIdentification></gmd:identificationInfo><gmd:distributionInfo><gmd:MD_Distribution><gmd:distributionFormat><gmd:MD_Format><gmd:name><gco:CharacterString>Mapinfo MIF/MID</gco:CharacterString></gmd:name><gmd:version><gco:CharacterString>4.5</gco:CharacterString></gmd:version></gmd:MD_Format></gmd:distributionFormat><gmd:transferOptions><gmd:MD_DigitalTransferOptions><gmd:onLine><gmd:CI_OnlineResource><gmd:linkage><gmd:URL>http://www.data.gouv.fr/fr/dataset/fond-de-carte-des-codes-postaux</gmd:URL></gmd:linkage><gmd:protocol><gco:CharacterString>WWW:LINK-1.0-http--link</gco:CharacterString></gmd:protocol><gmd:name><gco:CharacterString>data.gouv.fr</gco:CharacterString></gmd:name><gmd:function><gmd:CI_OnLineFunctionCode codeListValue="information" codeList="CI_OnLineFunctionCode"/></gmd:function></gmd:CI_OnlineResource></gmd:onLine><gmd:onLine><gmd:CI_OnlineResource><gmd:linkage><gmd:URL>http://www.geoclip.fr/codes_postaux.zip</gmd:URL></gmd:linkage><gmd:protocol><gco:CharacterString>WWW:DOWNLOAD-1.0-http--download</gco:CharacterString></gmd:protocol><gmd:name><gco:CharacterString>data.gouv.fr</gco:CharacterString></gmd:name><gmd:function><gmd:CI_OnLineFunctionCode codeListValue="download" codeList="CI_OnLineFunctionCode"/></gmd:function></gmd:CI_OnlineResource></gmd:onLine><gmd:onLine><gmd:CI_OnlineResource><gmd:linkage><gmd:URL>http://franceo3.geoclip.fr/#v=map22;l=fr</gmd:URL></gmd:linkage><gmd:protocol><gco:CharacterString>OGC:WMS-1.1.1-http-get-map</gco:CharacterString></gmd:protocol><gmd:name><gco:CharacterString>France découverte</gco:CharacterString></gmd:name><gmd:function><gmd:CI_OnLineFunctionCode codeListValue="information" codeList="CI_OnLineFunctionCode"/></gmd:function></gmd:CI_OnlineResource></gmd:onLine></gmd:MD_DigitalTransferOptions></gmd:transferOptions></gmd:MD_Distribution></gmd:distributionInfo><gmd:dataQualityInfo><gmd:DQ_DataQuality><gmd:scope><gmd:DQ_Scope><gmd:level><gmd:MD_ScopeCode codeListValue="dataset" codeList="MD_ScopeCode"/></gmd:level></gmd:DQ_Scope></gmd:scope><gmd:lineage><gmd:LI_Lineage><gmd:statement><gco:CharacterString>Source des données :
Ce jeu de données est issu d'un traitement informatique mené par Emc3 regroupant plusieurs sources d'information:
 - GEOFLA® Communes produit par l'IGN (édition 2013),
 - HEXAPOSTE produit par le Service National de l'Adresse (édition janvier 2014),
 - OpenStreetMap,
 - Données carroyées à 200 mètres diffusées par l'Insee,
 - Résultats du recensement général de la population diffusé par l'Insee.

Méthodologie :
A partir du tracé des communes de la base GEOFLA et du fichier HEXAPOSTE, nous avons regroupé les communes appartenant à un même code postal.
Pour les communes subdivisées en plusieurs codes postaux, un géocodage inversé et un algorithme de contour ont permis d'obtenir le tracé infra-communal.
Le fond de carte obtenu fournit un tracé compatible avec la base GEOFLA, édition 2013.
Les estimations de population et du nombre de ménages ont été obtenues en confrontant le découpage des codes postaux avec les données carroyées de l'Insee: la population d'un carreau ayant été répartie au prorata de la superficie commune au carreau et aux différents codes postaux. Un redressement a ensuite été effectué pour permettre une compatibilité avec les résultats du recensement général de la population.


Historique:
- version 1 du 06/01/2014 : version initiale
- version 2 du 14/01/2014 : correction des défauts de géomatrie pour améliorer la compatibilité avec la base GEOFLA 2013
- version 3 du 12/02/2014 : correction de 71 libellés et de données manquantes dans l'estimation du nombre de ménages en 2010.
- version 4 du 21/03/2014 : correction de la chaine de projection dans le fichier prj (format Shapefile).
- version 5 du 12/08/2014 : correction de 10 données attributaires (code département).</gco:CharacterString></gmd:statement></gmd:LI_Lineage></gmd:lineage></gmd:DQ_DataQuality></gmd:dataQualityInfo></gmd:MD_Metadata>
